code,plot
APEIME,F10P1
CECRIN,F10P1
DENDAR,F10P1
EUTEPR,F10P1
HERNDI,F10P1
IRIADE,F10P1
OCHRPY,F10P1
PENTMA,F10P1
POURBI,F10P1
POUTCU,F10P1
SOCREX,F10P1
WELFRE,F10P1
ABARAD,F10P2
BROSGU,F10P2
BROSLA,F10P2
CARAGU,F10P2
DIALGU,F10P2
ELAEGL,F10P2
EUTEPR,F10P2
GUARGE,F10P2
IRIADE,F10P2
ORMOCC,F10P2
PENTMA,F10P2
POUTDU,F10P2
QUALPO,F10P2
SLOAGU,F10P2
SOCREX,F10P2
TAPUGU,F10P2
TETRPA,F10P2
VANTOC,F10P2
WELFRE,F10P2
CARAGU,F10P3
CHIMPA,F10P3
IRIADE,F10P3
PENTMA,F10P3
POURBI,F10P3
POUTCA,F10P3
PTERRO,F10P3
STERRE,F10P3
TABRAL,F10P3
TERMBU,F10P3
TERMOL,F10P3
WELFRE,F10P3
ZANTPA,F10P3
CHIMPA,F10P4
DIALGU,F10P4
ESCHLO,F10P4
INGAAL,F10P4
IRIADE,F10P4
JACTCO,F10P4
LONCFE,F10P4
MORTAN,F10P4
PENTMA,F10P4
POUTDU,F10P4
SOCREX,F10P4
TALAGL,F10P4
THEOAN,F10P4
VITECO,F10P4
WELFRE,F10P4
CHRYCO,F11P1
COUEPO,F11P1
COUMMA,F11P1
DIALGU,F11P1
ELAEGL,F11P1
ESCHIN,F11P1
EUTEPR,F11P1
HIRTME,F11P1
IRIADE,F11P1
LICNAF,F11P1
LICNHY,F11P1
LICNKA,F11P1
MARAPA,F11P1
PENTMA,F11P1
PODOGU,F11P1
POUTTO,F11P1
QUALPO,F11P1
SOCREX,F11P1
SWARSP,F11P1
VOCHFE,F11P1
WELFRE,F11P1
CHIMPA,F11P2
CHRYCO,F11P2
COUMMA,F11P2
CUPASP,F11P2
DIALGU,F11P2
DIPTPA,F11P2
ELAEGL,F11P2
ENTESC,F11P2
EUTEPR,F11P2
IRIADE,F11P2
LICNAF,F11P2
LICNHY,F11P2
LICNSA,F11P2
MARAPA,F11P2
QUALPO,F11P2
SOCREX,F11P2
VANTOC,F11P2
VOCHAL,F11P2
VOCHFE,F11P2
WELFRE,F11P2
BEIL01,F11P3
CALOBR,F11P3
COUMMA,F11P3
DIALGU,F11P3
DIPTPA,F11P3
ENTESC,F11P3
EUTEPR,F11P3
IRIADE,F11P3
LICNAF,F11P3
LICNSA,F11P3
PENTMA,F11P3
PODOGU,F11P3
QUALPO,F11P3
SOCREX,F11P3
TAPUGU,F11P3
VOCHFE,F11P3
WELFRE,F11P3
BROSGU,F12P1
COUMMA,F12P1
CUPASP,F12P1
DIALGU,F12P1
EUTEPR,F12P1
INGAAL,F12P1
IRIADE,F12P1
LAETPR,F12P1
LICNAF,F12P1
LICNKA,F12P1
POUTSP,F12P1
SOCREX,F12P1
VIROKO,F12P1
VOCHFE,F12P1
WELFRE,F12P1
DIALGU,F12P2
ENTESC,F12P2
IRIADE,F12P2
LECYAM,F12P2
PENTMA,F12P2
POUTFP,F12P2
POUTTO,F12P2
SOCREX,F12P2
TABRAL,F12P2
VOCHAL,F12P2
VOCHFE,F12P2
WELFRE,F12P2
XYLOSE,F12P2
APEIME,F12P3
BROSLA,F12P3
CARAGU,F12P3
CORDBI,F12P3
COUMMA,F12P3
DIALGU,F12P3
DIPTPA,F12P3
EUTEPR,F12P3
IRIADE,F12P3
PENTMA,F12P3
POUTDU,F12P3
POUTSI,F12P3
SOCREX,F12P3
VATALU,F12P3
VOCHFE,F12P3
WELFRE,F12P3
CESPSA,F12P4
DIALGU,F12P4
DIPTPA,F12P4
DUSSMA,F12P4
ENTESC,F12P4
EUTEPR,F12P4
GUARGE,F12P4
IRIADE,F12P4
LACMPA,F12P4
PENTMA,F12P4
POUTCA,F12P4
SOCREX,F12P4
VOCHAL,F12P4
VOCHFE,F12P4
WELFRE,F12P4
BROSLA,F13P1
CUPALI,F13P1
DENBBO,F13P1
DIALGU,F13P1
ENTESC,F13P1
EUTEPR,F13P1
HIRTME,F13P1
IRIADE,F13P1
LICNHY,F13P1
MANIST,F13P1
MICRME,F13P1
OTOBNO,F13P1
QUALPO,F13P1
TAPIGU,F13P1
TETRPA,F13P1
WELFRE,F13P1
APEIME,F13P2
ASPISR,F13P2
BEILCO,F13P2
COJOCA,F13P2
DENBBO,F13P2
DIPTPA,F13P2
ELAEGL,F13P2
INGAAL,F13P2
INGATH,F13P2
IRIADE,F13P2
LACMPA,F13P2
LICNHY,F13P2
OTOBNO,F13P2
POUTDU,F13P2
QUALPO,F13P2
SLOARU,F13P2
SOCREX,F13P2
TERMAM,F13P2
TETRPA,F13P2
VATALU,F13P2
VIROKO,F13P2
VIROMU,F13P2
VOCHAL,F13P2
VOCHFE,F13P2
WELFRE,F13P2
APEIME,F13P3
BROSGU,F13P3
BROSLA,F13P3
CARAGU,F13P3
CUPALI,F13P3
CYNORE,F13P3
DENBBO,F13P3
DIALGU,F13P3
ELAEGL,F13P3
EUTEPR,F13P3
IRIADE,F13P3
MANIST,F13P3
PERAAR,F13P3
PRADAT,F13P3
SOCREX,F13P3
TAPIGU,F13P3
TETRPA,F13P3
VOCHFE,F13P3
WELFRE,F13P3
AMPEMA,F13P4
BROSGU,F13P4
BROSLA,F13P4
DIALGU,F13P4
ELAEGL,F13P4
EUTEPR,F13P4
IRIADE,F13P4
OTOBNO,F13P4
PENTMA,F13P4
POUTSP,F13P4
QUALPO,F13P4
SOCREX,F13P4
TETRPA,F13P4
VATALU,F13P4
WELFRE,F13P4
CARAGU,F1P1
CEIBPE,F1P1
PENTMA,F1P1
PSYCPA,F1P1
PTEROF,F1P1
TAPIGU,F1P1
ALCOFL,F1P2
APEIME,F1P2
CARAGU,F1P2
DUSSMA,F1P2
GUATAE,F1P2
HERNDI,F1P2
PENTMA,F1P2
PTEROF,F1P2
CARAGU,F1P3
CECRIN,F1P3
CHIMPA,F1P3
DIPTPA,F1P3
PENTMA,F1P3
POUTSP,F1P3
TAPIGU,F1P3
APEIME,F1P4
CARAGU,F1P4
GRIACA,F1P4
MINQGU,F1P4
PENTMA,F1P4
POUTSP,F1P4
WELFRE,F1P4
APEIME,F2P1
BROSLA,F2P1
DENDAR,F2P1
GUATAE,F2P1
HERNDI,F2P1
LECOAM,F2P1
MACRCO,F2P1
PENTMA,F2P1
PROTPI,F2P1
PSYCPA,F2P1
SOCREX,F2P1
TETRPA,F2P1
UNONPI,F2P1
WELFRE,F2P1
BILLCO,F2P2
CESPSA,F2P2
DENDAR,F2P2
HERNDI,F2P2
LACMPA,F2P2
PENTMA,F2P2
POURMI,F2P2
SOCREX,F2P2
WELFRE,F2P2
ALCOFL,F2P3
APEIME,F2P3
DENDAR,F2P3
DUSSMA,F2P3
HYERAL,F2P3
LAETPR,F2P3
MACRCO,F2P3
PENTMA,F2P3
POURMI,F2P3
POUTBE,F2P3
PSEUSU,F2P3
ROLLPI,F2P3
SOCREX,F2P3
WELFRE,F2P3
BROSLA,F30P1
CHRYCO,F30P1
COUEPO,F30P1
CUPASP,F30P1
ELAEGL,F30P1
EUTEPR,F30P1
IRIADE,F30P1
LICNAF,F30P1
LICNHY,F30P1
MARAPA,F30P1
MICRCR,F30P1
PENTMA,F30P1
PERAAR,F30P1
POUTCM,F30P1
POUTDU,F30P1
SLOASP,F30P1
SOCREX,F30P1
TALAGL,F30P1
TAPIGU,F30P1
TETRPA,F30P1
WELFRE,F30P1
BALIEL,F30P2
BROSGU,F30P2
BROSLA,F30P2
CESPSA,F30P2
EUTEPR,F30P2
INGALE,F30P2
IRIADE,F30P2
PENTMA,F30P2
PROTPI,F30P2
SOCREX,F30P2
TAPIGU,F30P2
WELFRE,F30P2
CARAGU,F30P3
CORDBI,F30P3
EUTEPR,F30P3
HIRTTR,F30P3
HYEROB,F30P3
LICNHY,F30P3
MARAPA,F30P3
MICRCR,F30P3
PENTMA,F30P3
PROTPA,F30P3
SCLECO,F30P3
SOCREX,F30P3
TAPIGU,F30P3
WELFRE,F30P3
BALIEL,F30P4
BROSLA,F30P4
BYRSAR,F30P4
CARAGU,F30P4
DENDAR,F30P4
EUGE01,F30P4
EUTEPR,F30P4
GUARKU,F30P4
INGA01,F30P4
INGASE,F30P4
IRIADE,F30P4
PENTMA,F30P4
POUT01,F30P4
PROTPA,F30P4
PROTRA,F30P4
SIMAAM,F30P4
SOCREX,F30P4
TAPIGU,F30P4
TERMBU,F30P4
UNONSP,F30P4
VOCHFE,F30P4
WELFRE,F30P4
CALOBR,F31P1
CECRIN,F31P1
CHRYCO,F31P1
DUSS01,F31P1
EUGE01,F31P1
HIRTTR,F31P1
LICNSP,F31P1
MACAMA,F31P1
MARAPA,F31P1
MOURGL,F31P1
OCOTIN,F31P1
PROTRA,F31P1
PROTSP,F31P1
PTERRO,F31P1
SAPIRI,F31P1
STEPCO,F31P1
STRYMI,F31P1
TAPUGU,F31P1
VIROSE,F31P1
VOCHAL,F31P1
APEIME,F31P2
CASEAR,F31P2
CECRIN,F31P2
CECROB,F31P2
CHRYCO,F31P2
COJOCO,F31P2
CONORU,F31P2
FICUSP,F31P2
INGASE,F31P2
IRIADE,F31P2
MARAPA,F31P2
OCOTIN,F31P2
POURBI,F31P2
POUT02,F31P2
PTERRO,F31P2
ROLLPI,F31P2
TOVOWE,F31P2
VIROSE,F31P2
VITECO,F31P2
CALTCO,F32P1
CONORU,F32P1
FICUSP,F32P1
GUAR01,F32P1
GUAR02,F32P1
GUARGL,F32P1
INGA02,F32P1
INGACH,F32P1
INGASE,F32P1
NAUCNA,F32P1
POUT03,F32P1
POUT04,F32P1
SAPISP,F32P1
CONORU,F32P2
EUGE01,F32P2
FICUSP,F32P2
GUAR01,F32P2
GUARBU,F32P2
HAMPAP,F32P2
INGA02,F32P2
INGASE,F32P2
NECTSP,F32P2
POSOLA,F32P2
POUT03,F32P2
POUT04,F32P2
PTERRO,F32P2
ARDIFI,F32P3
CONORU,F32P3
DUSS01,F32P3
GUAR01,F32P3
GUARBU,F32P3
INGAAL,F32P3
NECTSP,F32P3
POUT03,F32P3
POUT05,F32P3
PTERRO,F32P3
TOVOWE,F32P3
COUEPO,F33P1
ELAEGL,F33P1
EUGE01,F33P1
EUTEPR,F33P1
INGACH,F33P1
INGALE,F33P1
JACACO,F33P1
MANICH,F33P1
MANIZA,F33P1
MARAPA,F33P1
MINQGU,F33P1
POUT06,F33P1
POUT07,F33P1
SOCREX,F33P1
TAPIGU,F33P1
TAPUGU,F33P1
THEOSP,F33P1
CHRYCO,F33P2
HAMPAP,F33P2
MINQGU,F33P2
PENTMA,F33P2
POURBI,F33P2
POUTFP,F33P2
PROTRA,F33P2
SOCREX,F33P2
VOCHFE,F33P2
BROSGU,F33P3
CARAGU,F33P3
CORDBI,F33P3
DENDAR,F33P3
DUSSMA,F33P3
GUARBU,F33P3
HAMPAP,F33P3
INGA03,F33P3
INGACH,F33P3
MARAPA,F33P3
PACHAQ,F33P3
PENTMA,F33P3
SOCREX,F33P3
TAPIGU,F33P3
ZYGISP,F33P3
APEIME,F33P4
BYRSAR,F33P4
CASEAR,F33P4
CESPSA,F33P4
COUEPO,F33P4
GUARBU,F33P4
INGA04,F33P4
MACRCO,F33P4
SCLECO,F33P4
STRYMI,F33P4
TAPIGU,F33P4
VOCHAL,F33P4
ZYGISP,F33P4
APEIME,F34P1
BILLCO,F34P1
CEDROD,F34P1
CHIMPA,F34P1
EUTEPR,F34P1
FICUSP,F34P1
GUARGR,F34P1
GUARKU,F34P1
INGA05,F34P1
INGAAL,F34P1
IRIADE,F34P1
MARAPA,F34P1
MINQGU,F34P1
PACHAQ,F34P1
POUT08,F34P1
PTERRO,F34P1
TAPUGU,F34P1
TERMAM,F34P1
VOCHGU,F34P1
ANDIIN,F34P2
APEIME,F34P2
ARDIFI,F34P2
COUEPO,F34P2
DUSSMA,F34P2
DYSTPA,F34P2
GARCMA,F34P2
GUARKU,F34P2
HYERAL,F34P2
IRIADE,F34P2
OCOTIN,F34P2
PTERRO,F34P2
QUARBR,F34P2
TERMSP,F34P2
VOCHAL,F34P2
ANDIIN,F34P3
APEIME,F34P3
DUSSMA,F34P3
DYSTPA,F34P3
GARCSP,F34P3
GUARKU,F34P3
ILEXSK,F34P3
INGA05,F34P3
INGATH,F34P3
IRIADE,F34P3
MANICH,F34P3
NECTSP,F34P3
POURMI,F34P3
PROTPI,F34P3
SOCREX,F34P3
VITECO,F34P3
VOCHAL,F34P3
ALCOFL,F34P4
APEIME,F34P4
BYRSAR,F34P4
CARAGU,F34P4
CASEAR,F34P4
DUSSMA,F34P4
GUAR03,F34P4
HERNDI,F34P4
ILEXSK,F34P4
INGA05,F34P4
IRIADE,F34P4
LECYAM,F34P4
POURBI,F34P4
QUAROB,F34P4
SCLECO,F34P4
TAPIGU,F34P4
TERMAM,F34P4
VOCHAL,F34P4
CASESP,F35P1
DENDSP,F35P1
EUTEPR,F35P1
HIRTTR,F35P1
IRIADE,F35P1
MACAMA,F35P1
MARAPA,F35P1
MOURGL,F35P1
NECTSP,F35P1
OCOTIN,F35P1
QUAROB,F35P1
SLOASP,F35P1
TAPUGU,F35P1
VIROSP,F35P1
VOCHAL,F35P1
BILLCO,F35P2
CASESP,F35P2
CONORU,F35P2
CORDME,F35P2
CUPASP,F35P2
EUTEPR,F35P2
GUAR03,F35P2
GUETSP,F35P2
HIRTTR,F35P2
IRIADE,F35P2
LONCSP,F35P2
POURBI,F35P2
PTERRO,F35P2
SAPIGL,F35P2
TERMBU,F35P2
VIROSE,F35P2
BROSLA,F36P1
CARAGU,F36P1
CESPSA,F36P1
DUSSMA,F36P1
EUTEPR,F36P1
FICUSP,F36P1
GUARBU,F36P1
GUARKU,F36P1
INGACH,F36P1
IRIADE,F36P1
MACAMA,F36P1
MINQGU,F36P1
POUT05,F36P1
PSEUSU,F36P1
SOCREX,F36P1
STRYMI,F36P1
TERMBU,F36P1
VIROKO,F36P1
VOCHAL,F36P1
VOCHFE,F36P1
BILLCO,F36P2
CECRIN,F36P2
CESPSA,F36P2
CHRYCO,F36P2
EUTEPR,F36P2
GUARKU,F36P2
INGA06,F36P2
INGACH,F36P2
IRIADE,F36P2
OCOTSP,F36P2
POURBI,F36P2
POURMI,F36P2
POUT09,F36P2
STRYMI,F36P2
VIROSE,F36P2
VOCHAL,F36P2
ALCOFL,F37P1
ESCHCA,F37P1
EUTEPR,F37P1
GUARKU,F37P1
ILEXSK,F37P1
IRIADE,F37P1
LAETPR,F37P1
LICNHY,F37P1
MACRCO,F37P1
MINQGU,F37P1
PENTMA,F37P1
POUTRE,F37P1
SOCREX,F37P1
TAPIGU,F37P1
TETRPA,F37P1
WELFRE,F37P1
ALCOFL,F37P2
BALIEL,F37P2
EUTEPR,F37P2
GUATRE,F37P2
HUMIDI,F37P2
IRIADE,F37P2
LICNAF,F37P2
MARAPA,F37P2
PENTMA,F37P2
SIMAAM,F37P2
SLOASP,F37P2
SOCREX,F37P2
STERRE,F37P2
UNONSP,F37P2
VOCHFE,F37P2
WELFRE,F37P2
ALCOFL,F37P3
BALIEL,F37P3
BYRSAR,F37P3
CORDBI,F37P3
EUTEPR,F37P3
GUATAE,F37P3
HYEROB,F37P3
LICNAF,F37P3
LICNHY,F37P3
MANIZA,F37P3
MARAPA,F37P3
PENTMA,F37P3
SLOASP,F37P3
SOCREX,F37P3
VOCHFE,F37P3
WELFRE,F37P3
BALIEL,F37P4
CALOBR,F37P4
ELAEGL,F37P4
EUTEPR,F37P4
INGALE,F37P4
IRIADE,F37P4
LACUPA,F37P4
LICNAF,F37P4
ORMOIN,F37P4
PENTMA,F37P4
PERAAR,F37P4
POUTDU,F37P4
PROTPA,F37P4
SOCREX,F37P4
TERMAM,F37P4
WELFRE,F37P4
APEIME,F38P1
ARDIFI,F38P1
CUPASP,F38P1
EUTEPR,F38P1
HERNDI,F38P1
INGALE,F38P1
IRIADE,F38P1
LONCSP,F38P1
MINQGU,F38P1
OCOTSP,F38P1
PENTMA,F38P1
POURBI,F38P1
POURMI,F38P1
POUT05,F38P1
PROTPA,F38P1
PTERRO,F38P1
SOCREX,F38P1
WELFRE,F38P1
ALCOFL,F38P2
BROSLA,F38P2
CESPSA,F38P2
ELAEGL,F38P2
EUTEPR,F38P2
HAMPAP,F38P2
HYERAL,F38P2
INGA05,F38P2
IRIADE,F38P2
JACACO,F38P2
MACRCO,F38P2
MANICH,F38P2
MINQGU,F38P2
QUARBR,F38P2
SIMAAM,F38P2
SOCREX,F38P2
STERRE,F38P2
STRYMI,F38P2
TAPIGU,F38P2
UNONSP,F38P2
VOCHFE,F38P2
WELFRE,F38P2
COUEPO,F38P3
ELAEGL,F38P3
EUTEPR,F38P3
LICNAF,F38P3
SLOASP,F38P3
SOCREX,F38P3
TAPIGU,F38P3
VANTOC,F38P3
VOCHFE,F38P3
WELFRE,F38P3
BROSGU,F38P4
CESPSA,F38P4
DENDAR,F38P4
DUSSMA,F38P4
HUMIDI,F38P4
HYERAL,F38P4
IRIADE,F38P4
MACRCO,F38P4
MANICH,F38P4
MINQGU,F38P4
PARATR,F38P4
PENTMA,F38P4
POURBI,F38P4
POUTDU,F38P4
PROTPA,F38P4
PSEUSU,F38P4
QUARBR,F38P4
SOCREX,F38P4
TAPIGU,F38P4
TERMAM,F38P4
WELFRE,F38P4
ASPISR,F39P1
CARAGU,F39P1
CASEAR,F39P1
EUTEPR,F39P1
GUATAE,F39P1
HIRTTR,F39P1
IRIADE,F39P1
LAETPR,F39P1
LICNAF,F39P1
MARAPA,F39P1
MICRCR,F39P1
MINQGU,F39P1
OCOTIN,F39P1
PENTMA,F39P1
POUTDU,F39P1
POUTFP,F39P1
SOCREX,F39P1
TAPIGU,F39P1
APEIME,F39P2
CALTCO,F39P2
CASEAR,F39P2
COCCTU,F39P2
CONCPL,F39P2
DUSSMA,F39P2
EUTEPR,F39P2
HERNDI,F39P2
INGAPE,F39P2
IRIADE,F39P2
LECYAM,F39P2
MINQGU,F39P2
PENTMA,F39P2
POUTDU,F39P2
ROLLPI,F39P2
SOCREX,F39P2
STRYMI,F39P2
TAPIGU,F39P2
VIROKO,F39P2
BROSGU,F3P1
BROSLA,F3P1
CARAGU,F3P1
CESPSA,F3P1
COCCTU,F3P1
CROTSM,F3P1
EUTEPR,F3P1
IRIADE,F3P1
PENTMA,F3P1
POUTDU,F3P1
POUTTO,F3P1
SAPIGL,F3P1
SLOAMI,F3P1
STRYMI,F3P1
TETRPA,F3P1
WELFRE,F3P1
BROSLA,F3P2
CESPSA,F3P2
DIPTPA,F3P2
IRIADE,F3P2
MACRHA,F3P2
ORMOIN,F3P2
PARATR,F3P2
PENTMA,F3P2
POUTBE,F3P2
POUTDU,F3P2
POUTFP,F3P2
SOCREX,F3P2
VIROSE,F3P2
WELFRE,F3P2
CHRYCO,F3P3
DENDAR,F3P3
EUTEPR,F3P3
IRIADE,F3P3
LICNAF,F3P3
MACRCO,F3P3
PENTMA,F3P3
POUTDU,F3P3
SOCREX,F3P3
TETRPA,F3P3
WELFRE,F3P3
CHRYCO,F3P4
COUEPO,F3P4
CROTSM,F3P4
ELAEGL,F3P4
EUTEPR,F3P4
GUARGE,F3P4
HYEROB,F3P4
IRIADE,F3P4
LICNAF,F3P4
MICRME,F3P4
PENTMA,F3P4
POUTCU,F3P4
POUTFP,F3P4
SOCREX,F3P4
TETRPA,F3P4
VANTOC,F3P4
WELFRE,F3P4
ABARAD,F40P1
CALOBR,F40P1
CARAGU,F40P1
ESCH01,F40P1
GUATAE,F40P1
HIRTTR,F40P1
INGA07,F40P1
IRIADE,F40P1
PENTMA,F40P1
SIMAAM,F40P1
SOCREX,F40P1
TAPIGU,F40P1
WELFRE,F40P1
ASPISR,F40P2
CALOBR,F40P2
CARAGU,F40P2
CESPSA,F40P2
EUTEPR,F40P2
HIRTTR,F40P2
INGA07,F40P2
IRIADE,F40P2
LICNAF,F40P2
LICNHY,F40P2
MICRCR,F40P2
MINQGU,F40P2
PENTMA,F40P2
POUT06,F40P2
POUTFP,F40P2
PROTPI,F40P2
SACOTR,F40P2
SOCREX,F40P2
TAPIGU,F40P2
VIROKO,F40P2
VOCHFE,F40P2
WELFRE,F40P2
BALIEL,F40P3
CALOBR,F40P3
CARAGU,F40P3
ELAEGL,F40P3
EUTEPR,F40P3
GUARKU,F40P3
IRIADE,F40P3
LICNAF,F40P3
LICNHY,F40P3
MICRCR,F40P3
MINQGU,F40P3
PENTMA,F40P3
SIMAAM,F40P3
SOCREX,F40P3
VOCHFE,F40P3
WELFRE,F40P3
HYERAL,F40P4
INGALE,F40P4
INGATH,F40P4
IRIADE,F40P4
PENTMA,F40P4
PROTPA,F40P4
SOCREX,F40P4
STRYMI,F40P4
TERMAM,F40P4
VOCHFE,F40P4
APEIME,F41P1
BILLCO,F41P1
BROSLA,F41P1
CARAGU,F41P1
CONORU,F41P1
GUAR03,F41P1
GUARKU,F41P1
HERNDI,F41P1
MACAMA,F41P1
NAUCNA,F41P1
POURBI,F41P1
POURMI,F41P1
POUTFP,F41P1
PROTSC,F41P1
SLOASP,F41P1
STRYMI,F41P1
VOCHAL,F41P1
CESPSA,F41P2
CORDBI,F41P2
EUTEPR,F41P2
GUATAE,F41P2
INGAAL,F41P2
INGALE,F41P2
INGATH,F41P2
NAUCNA,F41P2
POURBI,F41P2
PROTPA,F41P2
SOCREX,F41P2
TAPIGU,F41P2
VOCHAL,F41P2
ALCOFL,F41P3
ANDIIN,F41P3
ANNOMO,F41P3
APEIME,F41P3
CARAGU,F41P3
CUPASP,F41P3
DUSSMA,F41P3
EUTEPR,F41P3
HIRTSP,F41P3
INGATH,F41P3
IRIADE,F41P3
LONCSP,F41P3
NAUCNA,F41P3
PACHAQ,F41P3
POURBI,F41P3
POUT07,F41P3
TAPIGU,F41P3
VIROKO,F41P3
ZYGISP,F41P3
BILLCO,F41P4
EUTEPR,F41P4
MACAMA,F41P4
MARAPA,F41P4
MINQGU,F41P4
POURBI,F41P4
PROTPI,F41P4
PROTRA,F41P4
QUARBR,F41P4
SACOTR,F41P4
SOCREX,F41P4
TAPIGU,F41P4
VOCHAL,F41P4
ALCOFL,F41P5
APEIME,F41P5
BILLCO,F41P5
BYRSAR,F41P5
CARAGU,F41P5
CASEAR,F41P5
CORDSP,F41P5
DUSSMA,F41P5
GUARKU,F41P5
INGAAL,F41P5
IRIADE,F41P5
POURBI,F41P5
POURMI,F41P5
PTERRO,F41P5
SCLECO,F41P5
VOCHAL,F41P5
BROSLA,F41P6
CONCPL,F41P6
GUARBU,F41P6
GUARKU,F41P6
MANICH,F41P6
MINQGU,F41P6
PENTMA,F41P6
POURBI,F41P6
POUT07,F41P6
PROTPA,F41P6
SOCREX,F41P6
STERRE,F41P6
TAPIGU,F41P6
CLETCO,F42P1
COUEPO,F42P1
EUTEPR,F42P1
HYEROB,F42P1
IRIADE,F42P1
LICNAF,F42P1
MANICH,F42P1
MARAPA,F42P1
PENTMA,F42P1
POURBI,F42P1
POUTFP,F42P1
SOCREX,F42P1
VANTOC,F42P1
BROSGU,F42P2
BROSPA,F42P2
CONCPL,F42P2
EUTEPR,F42P2
IRIADE,F42P2
MARAPA,F42P2
MARILA,F42P2
MINQGU,F42P2
PENTMA,F42P2
SACOTR,F42P2
SOCREX,F42P2
CALOBR,F42P3
DENDAR,F42P3
GUATAE,F42P3
HIRTTR,F42P3
INGATH,F42P3
IRIADE,F42P3
LICNHY,F42P3
MINQGU,F42P3
PENTMA,F42P3
POURBI,F42P3
POUTDU,F42P3
SOCREX,F42P3
TAPIGU,F42P3
VIROSE,F42P3
VOCHFE,F42P3
CALOBR,F42P4
CESPSA,F42P4
CUPASP,F42P4
ELAEGL,F42P4
ESCHCA,F42P4
EUTEPR,F42P4
IRIADE,F42P4
LICNAF,F42P4
LICNHY,F42P4
MACRHA,F42P4
MOURGL,F42P4
PENTMA,F42P4
POUT07,F42P4
POUTDU,F42P4
POUTFP,F42P4
QUALPO,F42P4
SOCREX,F42P4
TAPUGU,F42P4
VOCHFE,F42P4
APEIME,F43P1
BROSLA,F43P1
CARAGU,F43P1
CESPSA,F43P1
ESCHCA,F43P1
GUARKU,F43P1
ILEXSK,F43P1
INGAAL,F43P1
IRIADE,F43P1
LICNAF,F43P1
MINQGU,F43P1
PENTMA,F43P1
POUT10,F43P1
POUTFP,F43P1
POUTTO,F43P1
PROTPA,F43P1
SACOTR,F43P1
STERRE,F43P1
TAPUGU,F43P1
CUPASP,F43P2
ELAEGL,F43P2
ESCHCA,F43P2
EUTEPR,F43P2
GUARKU,F43P2
INGAPE,F43P2
IRIADE,F43P2
LAETPR,F43P2
LICNAF,F43P2
MANICH,F43P2
MARAPA,F43P2
MICRCR,F43P2
ORMOIN,F43P2
POURBI,F43P2
POUT11,F43P2
PROTPA,F43P2
PROTPI,F43P2
SACOTR,F43P2
SOCREX,F43P2
TAPIGU,F43P2
TAPUGU,F43P2
UNONSP,F43P2
BROSLA,F43P3
CLETCO,F43P3
ESCHCA,F43P3
EUTEPR,F43P3
INGAAL,F43P3
INGALE,F43P3
IRIADE,F43P3
LAETPR,F43P3
LICNAF,F43P3
LICNHY,F43P3
MACRSP,F43P3
MICRCR,F43P3
PENTMA,F43P3
PROTPA,F43P3
PROTPI,F43P3
PROTRA,F43P3
SOCREX,F43P3
STEPCO,F43P3
TAPIGU,F43P3
TAPUGU,F43P3
CESPSA,F44P1
COUMMA,F44P1
DIPTPA,F44P1
EUTEPR,F44P1
INGALE,F44P1
IRIADE,F44P1
MINQGU,F44P1
POUTDU,F44P1
QUALPO,F44P1
SOCREX,F44P1
TALAGL,F44P1
TAPIGU,F44P1
TETRPA,F44P1
VANTOC,F44P1
VIROSE,F44P1
VOCHAL,F44P1
WELFRE,F44P1
CARAGU,F44P2
COUMMA,F44P2
CROTSM,F44P2
DIALGU,F44P2
DIPTPA,F44P2
EUTEPR,F44P2
GUARBU,F44P2
INGALE,F44P2
IRIADE,F44P2
MANIZA,F44P2
ORMOIN,F44P2
PENTMA,F44P2
PTEROF,F44P2
SIMAAM,F44P2
SOCREX,F44P2
TAPIGU,F44P2
WELFRE,F44P2
BROSGU,F44P3
DIPTPA,F44P3
DUSS02,F44P3
EUTEPR,F44P3
IRIADE,F44P3
LICNAF,F44P3
MINQGU,F44P3
PENTMA,F44P3
POUT12,F44P3
POUTFP,F44P3
QUALPO,F44P3
SOCREX,F44P3
TETRPA,F44P3
VANTOC,F44P3
WELFRE,F44P3
BROSGU,F44P4
BROSLA,F44P4
COUMMA,F44P4
DIPTPA,F44P4
EUTEPR,F44P4
IRIADE,F44P4
LICNAF,F44P4
PENTMA,F44P4
POUTFP,F44P4
SOCREX,F44P4
TAPIGU,F44P4
TETRPA,F44P4
VOCHAL,F44P4
WELFRE,F44P4
BROSGU,F45P1
BROSLA,F45P1
COUMMA,F45P1
DIPTPA,F45P1
ELAEGL,F45P1
ESCH02,F45P1
EUTEPR,F45P1
HYEROB,F45P1
IRIADE,F45P1
LECYAM,F45P1
MICRCR,F45P1
PENTMA,F45P1
SOCREX,F45P1
SPACCO,F45P1
TAPIGU,F45P1
VANTOC,F45P1
VATALU,F45P1
WELFRE,F45P1
BROSGU,F45P2
BROSLA,F45P2
CARAGU,F45P2
CROTSM,F45P2
DIPTPA,F45P2
DUSS02,F45P2
EUTEPR,F45P2
IRIADE,F45P2
LICNAF,F45P2
MOURGL,F45P2
ORMOIN,F45P2
PENTMA,F45P2
POUTDU,F45P2
POUTRE,F45P2
PROTSP,F45P2
QUARBR,F45P2
SACOTR,F45P2
SOCREX,F45P2
TAPUGU,F45P2
TETRPA,F45P2
WELFRE,F45P2
COUMMA,F46P1
DIPTPA,F46P1
ELAEGL,F46P1
ENTESC,F46P1
EUTEPR,F46P1
HIRTTR,F46P1
LICNAF,F46P1
LICNHY,F46P1
MARAPA,F46P1
MICRCR,F46P1
QUALPO,F46P1
SOCREX,F46P1
TETRPA,F46P1
WELFRE,F46P1
BROSGU,F46P2
DIPTPA,F46P2
DUSS02,F46P2
DUSSMA,F46P2
EUGE01,F46P2
EUTEPR,F46P2
IRIADE,F46P2
POUTFP,F46P2
SOCREX,F46P2
TETRPA,F46P2
VIROKO,F46P2
VIROSE,F46P2
VOCHFE,F46P2
WELFRE,F46P2
BROSGU,F47P1
COUMMA,F47P1
EUTEPR,F47P1
IRIADE,F47P1
PENTMA,F47P1
POUT13,F47P1
POUTDU,F47P1
PSEUSU,F47P1
PTEROF,F47P1
QUALPO,F47P1
SOCREX,F47P1
STERRE,F47P1
TETRPA,F47P1
VOCHAL,F47P1
WELFRE,F47P1
BALIEL,F47P2
BROSGU,F47P2
DIALGU,F47P2
DIPTPA,F47P2
ELAEGL,F47P2
EUTEPR,F47P2
IRIADE,F47P2
LICNAF,F47P2
LICNHY,F47P2
PENTMA,F47P2
QUALPO,F47P2
SOCREX,F47P2
STERRE,F47P2
STRYMI,F47P2
TAPIGU,F47P2
VOCHAL,F47P2
WELFRE,F47P2
COUMMA,F47P3
DIALGU,F47P3
DIPTPA,F47P3
ELAEGL,F47P3
ESCH02,F47P3
EUTEPR,F47P3
IRIADE,F47P3
LACUPA,F47P3
PENTMA,F47P3
POUTDU,F47P3
QUALPO,F47P3
SOCREX,F47P3
STERRE,F47P3
TETRPA,F47P3
WELFRE,F47P3
BALIEL,F48P1
COUMMA,F48P1
ENTESC,F48P1
EUTEPR,F48P1
IRIADE,F48P1
LICNAF,F48P1
MANIZA,F48P1
MICRCR,F48P1
PENTMA,F48P1
PODOGU,F48P1
QUALPO,F48P1
SOCREX,F48P1
VANTOC,F48P1
VOCHFE,F48P1
ABARAD,F48P2
BROSLA,F48P2
CESPSA,F48P2
CLETCO,F48P2
DIALGU,F48P2
DIPTPA,F48P2
ELAEGL,F48P2
ESCHCA,F48P2
EUTEPR,F48P2
IRIADE,F48P2
NAUCNA,F48P2
PENTMA,F48P2
POUT14,F48P2
QUALPO,F48P2
SIMAAM,F48P2
SOCREX,F48P2
STERRE,F48P2
VOCHFE,F48P2
WELFRE,F48P2
XYLOSE,F48P2
BROSLA,F49P1
CARAGU,F49P1
EUTEPR,F49P1
IRIADE,F49P1
LICNAF,F49P1
NAUCNA,F49P1
PENTMA,F49P1
POURBI,F49P1
POURMI,F49P1
POUT05,F49P1
SOCREX,F49P1
TETRPA,F49P1
WELFRE,F49P1
CLETCO,F49P2
CORDBI,F49P2
CROTSM,F49P2
EUTEPR,F49P2
HYMEME,F49P2
IRIADE,F49P2
LACMPA,F49P2
MANIZA,F49P2
NAUCNA,F49P2
ORMOIN,F49P2
PENTMA,F49P2
POURBI,F49P2
SOCREX,F49P2
TETRPA,F49P2
VOCHAL,F49P2
WELFRE,F49P2
BROSGU,F49P3
BROSLA,F49P3
COUMMA,F49P3
DUSSMA,F49P3
EUTEPR,F49P3
IRIADE,F49P3
LAETPR,F49P3
LICNHY,F49P3
NAUCNA,F49P3
PENTMA,F49P3
QUALPO,F49P3
SOCREX,F49P3
WELFRE,F49P3
XYLOSE,F49P3
CORDBI,F4P1
DIPTPA,F4P1
EUTEPR,F4P1
IRIADE,F4P1
OCOTAT,F4P1
ORMOIN,F4P1
PENTMA,F4P1
SIMAAM,F4P1
SOCREX,F4P1
TETRPA,F4P1
WELFRE,F4P1
APEIME,F4P2
BROSLA,F4P2
DENDAR,F4P2
DIPTPA,F4P2
EUTEPR,F4P2
IRIADE,F4P2
LICNAF,F4P2
NAUCNA,F4P2
ORMOIN,F4P2
PENTMA,F4P2
SIMAAM,F4P2
SOCREX,F4P2
TETRPA,F4P2
WELFRE,F4P2
CALOBR,F50P1
DIPTPA,F50P1
ELAEGL,F50P1
EUTEPR,F50P1
FICUSP,F50P1
HERNDI,F50P1
IRIADE,F50P1
LECYAM,F50P1
PENTMA,F50P1
PTEROF,F50P1
QUALPO,F50P1
SOCREX,F50P1
TAPUGU,F50P1
VANTOC,F50P1
VOCHFE,F50P1
WELFRE,F50P1
CESPSA,F50P2
CORDBI,F50P2
EUTEPR,F50P2
HIRTTR,F50P2
IRIADE,F50P2
LACMPA,F50P2
LECYAM,F50P2
LICNAF,F50P2
ORMOIN,F50P2
PENTMA,F50P2
POUT15,F50P2
SOCREX,F50P2
TETRPA,F50P2
VOCHFE,F50P2
WELFRE,F50P2
ASPI01,F50P3
BROSGU,F50P3
COUMMA,F50P3
DIPTPA,F50P3
ELAEGL,F50P3
EUTEPR,F50P3
LICNAF,F50P3
MANICH,F50P3
MANIZA,F50P3
MICRCR,F50P3
PENTMA,F50P3
POUTDU,F50P3
QUALPO,F50P3
SLOASP,F50P3
TETRPA,F50P3
VANTOC,F50P3
VATALU,F50P3
WELFRE,F50P3
CARAGU,F50P4
DIPTPA,F50P4
EUTEPR,F50P4
IRIADE,F50P4
LAETPR,F50P4
PENTMA,F50P4
PSEUSU,F50P4
VATALU,F50P4
WELFRE,F50P4
BROSGU,F51P1
CESPSA,F51P1
CLETCO,F51P1
DIALGU,F51P1
DIPTPA,F51P1
DUSS02,F51P1
EUTEPR,F51P1
HIRTTR,F51P1
IRIADE,F51P1
LICNHY,F51P1
MANIZA,F51P1
MARAPA,F51P1
MICRCR,F51P1
POUTDU,F51P1
POUTFP,F51P1
QUALPO,F51P1
SOCREX,F51P1
TERMAM,F51P1
TETRPA,F51P1
VIROKO,F51P1
VOCHFE,F51P1
WELFRE,F51P1
COUMMA,F51P2
DIALGU,F51P2
DIPTPA,F51P2
ELAEGL,F51P2
EUTEPR,F51P2
IRIADE,F51P2
LICNAF,F51P2
LICNHY,F51P2
MANIZA,F51P2
MICRCR,F51P2
QUALPO,F51P2
SOCREX,F51P2
VANTOC,F51P2
VATALU,F51P2
WELFRE,F51P2
BROSLA,F51P3
CESPSA,F51P3
DIPTPA,F51P3
ELAEGL,F51P3
EUTEPR,F51P3
IRIADE,F51P3
MANIZA,F51P3
MARAPA,F51P3
MICRCR,F51P3
POURBI,F51P3
POUT16,F51P3
POUTFP,F51P3
SCLECO,F51P3
SIMAAM,F51P3
SOCREX,F51P3
TETRPA,F51P3
VANTOC,F51P3
VIROKO,F51P3
VOCHAL,F51P3
WELFRE,F51P3
APEIME,F52P1
BROSPA,F52P1
BYRSAR,F52P1
CALTCO,F52P1
CEDROD,F52P1
CUPASP,F52P1
DUSS01,F52P1
GUATAE,F52P1
HYEROB,F52P1
INGA05,F52P1
INGAAL,F52P1
IRIADE,F52P1
MACRCO,F52P1
PROTPA,F52P1
SLOASP,F52P1
VOCHAL,F52P1
BYRSAR,F52P2
CALOBR,F52P2
CARAGU,F52P2
CLETCO,F52P2
CONCPL,F52P2
CUPASP,F52P2
DUSSMA,F52P2
ESCH03,F52P2
GUARBU,F52P2
INGAAL,F52P2
LECYAM,F52P2
PARATR,F52P2
POURBI,F52P2
PROTPA,F52P2
PROTPI,F52P2
PROTSC,F52P2
QUARBR,F52P2
SACOTR,F52P2
STRYMI,F52P2
TAPIGU,F52P2
TERMAM,F52P2
VOCHAL,F52P2
ALCOFL,F52P3
CESPSA,F52P3
ESCH03,F52P3
EUTEPR,F52P3
INGA05,F52P3
IRIADE,F52P3
LACMPA,F52P3
LICNHY,F52P3
MACRCO,F52P3
MICOMU,F52P3
POUTDU,F52P3
POUTFP,F52P3
PROTPI,F52P3
PTERRO,F52P3
SACOTR,F52P3
SOCREX,F52P3
TAPIGU,F52P3
VOCHFE,F52P3
CARAGU,F52P4
CEDROD,F52P4
EUTEPR,F52P4
HAMPAP,F52P4
HYERAL,F52P4
INGAAL,F52P4
IRIADE,F52P4
MINQGU,F52P4
POURBI,F52P4
PTERRO,F52P4
SACOTR,F52P4
SOCREX,F52P4
STERRE,F52P4
STRYMI,F52P4
TAPIGU,F52P4
WELFRE,F52P4
AMPEMA,F52P5
CARAGU,F52P5
CESPSA,F52P5
DUSSMA,F52P5
ELAEGL,F52P5
ESCH03,F52P5
EUTEPR,F52P5
HIRTTR,F52P5
IRIADE,F52P5
LICNHY,F52P5
MANICH,F52P5
MANIZA,F52P5
MINQGU,F52P5
POUTDU,F52P5
POUTFP,F52P5
PROTPI,F52P5
SACOTR,F52P5
SOCREX,F52P5
TAPIGU,F52P5
TAPUGU,F52P5
VOCHFE,F52P5
ALCOFL,F52P6
ASPISR,F52P6
CARAGU,F52P6
CLETCO,F52P6
CUPASP,F52P6
ELAEGL,F52P6
EUTEPR,F52P6
GUETSP,F52P6
IRIADE,F52P6
JACACO,F52P6
LICNHY,F52P6
MANIZA,F52P6
ORMOIN,F52P6
POUTFP,F52P6
PROTPI,F52P6
PROTRA,F52P6
QUARBR,F52P6
SIMAAM,F52P6
SLOASP,F52P6
SOCREX,F52P6
TAPUGU,F52P6
BROSLA,F52P7
CESPSA,F52P7
CORDME,F52P7
CUPASP,F52P7
EUTEPR,F52P7
GUATAE,F52P7
HIRTTR,F52P7
IRIADE,F52P7
LICNHY,F52P7
MICRCR,F52P7
POUT05,F52P7
SCLECO,F52P7
SOCREX,F52P7
TAPIGU,F52P7
VOCHFE,F52P7
CONCPL,F53P1
DUSS01,F53P1
EUTEPR,F53P1
GUARBU,F53P1
HYEROB,F53P1
INGAAL,F53P1
IRIADE,F53P1
MICRCR,F53P1
PACHAQ,F53P1
POURBI,F53P1
PTERRO,F53P1
SCLECO,F53P1
STRYMI,F53P1
VOCHAL,F53P1
WELFRE,F53P1
CARAGU,F53P2
CONCPL,F53P2
DUSSMA,F53P2
EUTEPR,F53P2
GUARGR,F53P2
INGATH,F53P2
POURMI,F53P2
SOCREX,F53P2
STRYMI,F53P2
VOCHAL,F53P2
WELFRE,F53P2
APEIME,F54P1
BYRSSP,F54P1
COUEPO,F54P1
DUSS01,F54P1
EUTEPR,F54P1
GUARBU,F54P1
GUARGR,F54P1
HERNDI,F54P1
HYEROB,F54P1
INGA05,F54P1
IRIADE,F54P1
LACMPA,F54P1
MANICH,F54P1
OCOTMA,F54P1
STRYMI,F54P1
VOCHAL,F54P1
ARDIFI,F54P2
BYRSAR,F54P2
CASEAR,F54P2
CORDLU,F54P2
EUTEPR,F54P2
GUARBU,F54P2
INGA08,F54P2
INGACH,F54P2
INGAOE,F54P2
IRIADE,F54P2
MANICH,F54P2
PACHAQ,F54P2
POURBI,F54P2
PROTSC,F54P2
STRYMI,F54P2
TOVOWE,F54P2
VOCHAL,F54P2
CLETCO,F54P3
DUSS01,F54P3
EUTEPR,F54P3
GUARBU,F54P3
INGA09,F54P3
INGALE,F54P3
INGAOE,F54P3
IRIADE,F54P3
PARATR,F54P3
POURBI,F54P3
POURMI,F54P3
VOCHAL,F54P3
VOCHGU,F54P3
CARAGU,F54P4
DENDAR,F54P4
EUTEPR,F54P4
HERNDI,F54P4
INGA10,F54P4
MACAMA,F54P4
PACHAQ,F54P4
POUT04,F54P4
PROTSP,F54P4
STRYMI,F54P4
VIROSP,F54P4
BROSGU,F54P5
BROSLA,F54P5
CARAGU,F54P5
DENDAR,F54P5
GUARBU,F54P5
GUETSP,F54P5
HYMEME,F54P5
INGAAL,F54P5
INGALE,F54P5
MACAMA,F54P5
MANICH,F54P5
POURBI,F54P5
POUT17,F54P5
TAPIGU,F54P5
WELFRE,F54P5
APEIME,F54P6
BROSLA,F54P6
CARAGU,F54P6
CASEAR,F54P6
CORDME,F54P6
DENDAR,F54P6
DUSSMA,F54P6
GUARGR,F54P6
ILEXSK,F54P6
IRIADE,F54P6
MACAMA,F54P6
MANIZA,F54P6
MICRCR,F54P6
MINQGU,F54P6
PACHAQ,F54P6
POUT05,F54P6
POUT18,F54P6
PTERRO,F54P6
QUARBR,F54P6
SACOTR,F54P6
SCLECO,F54P6
TAPIGU,F54P6
VOCHAL,F54P6
AMPEMA,F5P1
APEIME,F5P1
CHIMPA,F5P1
DICHMO,F5P1
DUSSMA,F5P1
GOETME,F5P1
INGASE,F5P1
IRIADE,F5P1
PENTMA,F5P1
SIMAAM,F5P1
SOCREX,F5P1
VIROSE,F5P1
CESPSA,F5P2
CLETCO,F5P2
EUTEPR,F5P2
IRIADE,F5P2
LACMPA,F5P2
LAETPR,F5P2
MICRCR,F5P2
PENTMA,F5P2
RICHOB,F5P2
SOCREX,F5P2
VIROSE,F5P2
ASPISP,F5P3
BYRSAR,F5P3
CESPSA,F5P3
DENDAR,F5P3
GOETME,F5P3
INGATH,F5P3
IRIADE,F5P3
MICRCR,F5P3
PARATR,F5P3
PENTMA,F5P3
SOCREX,F5P3
XYLOSE,F5P3
GUARGE,F6P1
GUARHO,F6P1
HERNDI,F6P1
IRIADE,F6P1
MATASP,F6P1
OCOTMA,F6P1
PENTMA,F6P1
STERRE,F6P1
WELFRE,F6P1
BROSGU,F6P2
CARAGU,F6P2
CASEAR,F6P2
EUTEPR,F6P2
HYERAL,F6P2
INGAAC,F6P2
INGATH,F6P2
IRIADE,F6P2
MICOMU,F6P2
MINQGU,F6P2
PENTMA,F6P2
POURMI,F6P2
POUTDU,F6P2
PTERRO,F6P2
SIMAAM,F6P2
SLOAMI,F6P2
SOCREX,F6P2
WELFRE,F6P2
ABARRA,F6P3
BROSLA,F6P3
CARAGU,F6P3
DENDAR,F6P3
GUARGE,F6P3
IRIADE,F6P3
MICRCR,F6P3
PENTMA,F6P3
SOCREX,F6P3
STERRE,F6P3
TAPIGU,F6P3
WELFRE,F6P3
APEIME,F7P1
BROSGU,F7P1
CONCPL,F7P1
DENDAR,F7P1
GOETME,F7P1
INGAAE,F7P1
INGALE,F7P1
IRIADE,F7P1
PENTMA,F7P1
POURBI,F7P1
PTERRO,F7P1
SOCREX,F7P1
WELFRE,F7P1
CARAGU,F7P2
DENDAR,F7P2
GOETME,F7P2
INGAJI,F7P2
INGAMO,F7P2
IRIADE,F7P2
PENTMA,F7P2
PESCAR,F7P2
POUTCA,F7P2
PROTPA,F7P2
SOCREX,F7P2
SPONMO,F7P2
VIROSE,F7P2
WELFRE,F7P2
CECRPE,F8P1
CESPSA,F8P1
CROTSM,F8P1
DUSSMA,F8P1
LAETPR,F8P1
PENTMA,F8P1
POUTCM,F8P1
SOCREX,F8P1
TAPIGU,F8P1
TERMAM,F8P1
VIROKO,F8P1
VOCHAL,F8P1
WELFRE,F8P1
ESCHLO,F8P2
ORMOIN,F8P2
PENTMA,F8P2
SOCREX,F8P2
TABECH,F8P2
TETRPA,F8P2
VIROSE,F8P2
VOCHAL,F8P2
WELFRE,F8P2
CESPSA,F9P1
CORDCY,F9P1
DENDAR,F9P1
DIALGU,F9P1
GUARBU,F9P1
PENTMA,F9P1
POUTSP,F9P1
SCLECO,F9P1
WELFRE,F9P1
AMPEMA,F9P2
APEIME,F9P2
BROSLA,F9P2
CECROB,F9P2
CHIMPA,F9P2
DENDAR,F9P2
DIALGU,F9P2
DIPTPA,F9P2
GUARGE,F9P2
PENTMA,F9P2
POURBI,F9P2
WELFRE,F9P2
APEIME,F9P3
DENDAR,F9P3
DIALGU,F9P3
DUSSMA,F9P3
MINQGU,F9P3
PENTMA,F9P3
VITECO,F9P3
WELFRE,F9P3
